0,0,22,100,121
1,0,22,100,121
2,0,23,99,122
3,0,23,99,122
4,0,23,99,122
5,0,23,99,122
6,0,23,99,122
7,0,23,99,122
8,0,23,99,122
9,0,23,99,122
10,0,23,99,122
11,0,23,99,122
12,0,23,99,123
13,0,23,99,123
14,0,22,99,122
15,0,22,100,122
16,0,22,100,122
17,0,22,100,122
18,0,22,100,122
19,0,22,100,122
20,0,22,100,122
21,0,22,100,122
22,0,22,100,122
23,0,22,100,122
24,0,22,100,122
25,0,22,100,122
26,0,21,98,122
27,0,21,98,122
28,0,22,98,122
29,0,22,98,122
30,0,22,98,122
31,0,22,98,122
32,0,22,98,122
33,0,22,98,122
34,0,22,98,122
35,0,22,98,122
36,0,22,98,122
37,0,22,98,122
38,0,21,97,121
39,0,21,97,121
40,0,21,97,121
41,0,21,97,121
42,0,21,97,121
43,0,21,97,121
44,0,21,97,121
45,0,21,97,121
46,0,22,98,122
47,0,22,98,122
48,0,22,98,122
49,0,22,98,122
0,1,21,100,120
1,1,22,100,120
2,1,23,100,121
3,1,23,99,121
4,1,23,99,121
5,1,23,99,121
6,1,23,99,121
7,1,23,99,121
8,1,23,99,121
9,1,23,99,121
10,1,23,99,121
11,1,23,99,122
12,1,23,99,122
13,1,22,99,122
14,1,22,100,122
15,1,21,100,121
16,1,21,100,121
17,1,22,101,122
18,1,22,101,122
19,1,21,100,121
20,1,21,100,121
21,1,21,100,121
22,1,21,100,121
23,1,21,100,121
24,1,21,100,121
25,1,21,100,122
26,1,20,99,122
27,1,21,98,122
28,1,21,98,122
29,1,22,98,122
30,1,21,97,121
31,1,22,98,122
32,1,22,98,122
33,1,22,98,122
34,1,22,98,122
35,1,22,98,122
36,1,22,98,122
37,1,22,98,122
38,1,21,97,121
39,1,21,97,121
40,1,21,97,121
41,1,21,97,121
42,1,22,98,122
43,1,22,98,122
44,1,22,98,122
45,1,22,98,122
46,1,22,98,122
47,1,22,98,122
48,1,22,98,122
49,1,22,98,122
0,2,21,100,120
1,2,22,100,120
2,2,23,100,121
3,2,23,99,121
4,2,23,99,121
5,2,23,99,121
6,2,23,99,121
7,2,23,99,121
8,2,23,99,121
9,2,23,99,121
10,2,22,100,121
11,2,22,100,122
12,2,22,100,122
13,2,22,100,122
14,2,22,100,122
15,2,21,100,121
16,2,22,101,122
17,2,22,101,122
18,2,22,101,122
19,2,22,101,122
20,2,22,101,122
21,2,22,101,122
22,2,22,101,122
23,2,22,101,122
24,2,22,101,122
25,2,21,100,122
26,2,20,99,122
27,2,21,99,122
28,2,21,98,122
29,2,21,98,122
30,2,22,98,122
31,2,22,98,122
32,2,22,98,122
33,2,22,98,122
34,2,22,98,122
35,2,22,98,122
36,2,22,98,122
37,2,22,98,122
38,2,21,97,121
39,2,21,97,121
40,2,21,97,121
41,2,21,97,121
42,2,22,98,122
43,2,22,98,122
44,2,22,98,122
45,2,22,98,122
46,2,22,98,122
47,2,22,98,122
48,2,22,98,121
49,2,22,98,121
0,3,22,101,121
1,3,23,101,121
2,3,24,101,122
3,3,24,100,122
4,3,24,100,122
5,3,23,99,121
6,3,23,99,121
7,3,23,99,121
8,3,23,99,121
9,3,23,99,121
10,3,22,100,121
11,3,21,100,121
12,3,21,100,121
13,3,21,100,121
14,3,22,101,122
15,3,22,101,122
16,3,22,101,122
17,3,22,101,122
18,3,23,102,123
19,3,23,102,123
20,3,23,102,123
21,3,23,102,123
22,3,23,102,123
23,3,24,102,123
24,3,24,102,123
25,3,23,101,123
26,3,22,100,123
27,3,22,100,123
28,3,22,99,123
29,3,22,99,123
30,3,23,99,123
31,3,23,99,123
32,3,23,99,123
33,3,23,99,123
34,3,23,99,123
35,3,23,99,123
36,3,22,98,122
37,3,22,98,122
38,3,22,98,122
39,3,22,98,122
40,3,22,98,122
41,3,22,98,122
42,3,22,98,122
43,3,22,98,122
44,3,22,98,122
45,3,22,98,122
46,3,22,98,122
47,3,22,98,122
48,3,22,98,121
49,3,22,98,120
0,4,22,101,121
1,4,23,101,121
2,4,24,101,122
3,4,24,100,122
4,4,24,100,122
5,4,24,100,122
6,4,24,100,122
7,4,24,100,122
8,4,24,100,122
9,4,24,100,122
10,4,23,101,122
11,4,22,101,122
12,4,22,101,122
13,4,22,101,122
14,4,22,101,122
15,4,22,101,122
16,4,23,102,123
17,4,23,102,123
18,4,23,102,123
19,4,23,102,123
20,4,24,103,124
21,4,24,103,124
22,4,23,102,122
23,4,24,102,122
24,4,24,102,123
25,4,24,101,124
26,4,23,101,124
27,4,23,100,124
28,4,23,100,124
29,4,23,99,123
30,4,22,98,122
31,4,23,99,123
32,4,23,99,123
33,4,23,99,123
34,4,23,99,123
35,4,23,99,123
36,4,23,99,123
37,4,22,98,122
38,4,22,98,122
39,4,22,98,122
40,4,22,98,122
41,4,22,98,122
42,4,22,98,122
43,4,22,98,122
44,4,22,98,122
45,4,22,98,122
46,4,22,98,122
47,4,22,98,122
48,4,22,98,121
49,4,22,98,120
0,5,23,102,122
1,5,24,102,122
2,5,24,102,123
3,5,25,101,123
4,5,25,101,123
5,5,25,101,123
6,5,25,101,123
7,5,24,100,122
8,5,24,100,122
9,5,23,100,122
10,5,23,101,122
11,5,22,101,122
12,5,22,101,122
13,5,22,101,122
14,5,23,102,123
15,5,25,103,124
16,5,25,103,124
17,5,24,102,122
18,5,24,102,122
19,5,24,102,122
20,5,25,103,122
21,5,25,103,122
22,5,24,103,120
23,5,24,102,119
24,5,25,102,120
25,5,26,101,121
26,5,24,100,122
27,5,24,100,123
28,5,24,100,123
29,5,24,100,123
30,5,23,99,123
31,5,23,99,123
32,5,23,99,123
33,5,23,99,123
34,5,23,99,123
35,5,23,99,123
36,5,23,99,123
37,5,22,98,122
38,5,22,98,122
39,5,22,98,122
40,5,22,98,122
41,5,22,98,122
42,5,22,98,122
43,5,22,98,122
44,5,22,98,122
45,5,22,98,122
46,5,22,98,122
47,5,22,98,122
48,5,22,98,121
49,5,22,98,120
0,6,23,102,122
1,6,24,102,122
2,6,25,103,124
3,6,24,102,123
4,6,25,101,123
5,6,25,101,123
6,6,25,103,124
7,6,24,102,123
8,6,25,101,123
9,6,24,102,123
10,6,23,102,123
11,6,22,101,122
12,6,22,101,122
13,6,22,101,122
14,6,23,102,122
15,6,25,103,123
16,6,26,104,123
17,6,28,105,123
18,6,27,104,122
19,6,27,104,121
20,6,27,106,121
21,6,28,107,120
22,6,27,106,117
23,6,28,106,117
24,6,30,105,118
25,6,30,103,119
26,6,29,102,120
27,6,26,100,120
28,6,25,100,121
29,6,23,99,121
30,6,23,100,123
31,6,22,100,122
32,6,22,99,123
33,6,22,99,123
34,6,23,99,123
35,6,23,99,123
36,6,23,99,123
37,6,22,98,122
38,6,22,98,122
39,6,22,98,122
40,6,22,98,122
41,6,22,98,122
42,6,22,98,122
43,6,22,98,122
44,6,22,98,122
45,6,22,98,122
46,6,22,98,122
47,6,22,98,122
48,6,22,98,121
49,6,22,98,120
0,7,24,104,122
1,7,24,103,123
2,7,24,103,123
3,7,25,103,124
4,7,25,103,124
5,7,25,103,124
6,7,25,103,124
7,7,24,102,123
8,7,24,102,123
9,7,24,102,123
10,7,24,104,124
11,7,23,104,124
12,7,24,103,124
13,7,23,102,122
14,7,23,103,121
15,7,25,104,120
16,7,27,103,117
17,7,31,104,117
18,7,37,107,117
19,7,39,109,117
20,7,38,113,119
21,7,43,121,125
22,7,46,124,127
23,7,44,121,124
24,7,45,118,124
25,7,43,114,122
26,7,38,109,120
27,7,35,107,121
28,7,30,104,120
29,7,25,102,119
30,7,23,101,119
31,7,21,100,120
32,7,21,100,121
33,7,22,100,122
34,7,22,99,123
35,7,24,100,124
36,7,23,99,124
37,7,23,99,124
38,7,23,99,124
39,7,22,98,123
40,7,22,98,123
41,7,22,98,123
42,7,22,98,123
43,7,22,98,123
44,7,22,98,123
45,7,22,98,123
46,7,22,98,122
47,7,22,98,122
48,7,22,98,121
49,7,22,98,121
0,8,23,104,121
1,8,25,105,122
2,8,25,105,123
3,8,25,103,122
4,8,25,103,122
5,8,26,104,123
6,8,26,104,124
7,8,24,103,123
8,8,24,103,123
9,8,24,104,123
10,8,23,104,122
11,8,23,104,122
12,8,23,104,122
13,8,23,104,121
14,8,24,106,121
15,8,26,105,118
16,8,30,103,110
17,8,42,109,110
18,8,56,114,110
19,8,63,121,115
20,8,66,133,126
21,8,68,142,134
22,8,62,140,131
23,8,62,139,131
24,8,64,136,131
25,8,59,128,126
26,8,51,121,121
27,8,47,118,121
28,8,39,115,121
29,8,31,110,118
30,8,28,108,118
31,8,26,106,120
32,8,24,104,121
33,8,24,102,122
34,8,23,101,123
35,8,23,100,125
36,8,24,100,125
37,8,23,98,125
38,8,24,98,125
39,8,24,98,125
40,8,24,98,125
41,8,24,98,125
42,8,24,98,125
43,8,24,98,125
44,8,23,98,125
45,8,23,99,124
46,8,22,98,123
47,8,22,98,122
48,8,21,98,122
49,8,21,99,122
0,9,23,105,120
1,9,23,104,120
2,9,25,105,121
3,9,25,105,121
4,9,26,106,122
5,9,24,104,121
6,9,25,105,122
7,9,23,104,122
8,9,24,105,123
9,9,23,106,122
10,9,24,107,123
11,9,24,107,123
12,9,24,107,123
13,9,23,108,122
14,9,20,106,118
15,9,25,108,115
16,9,41,115,114
17,9,70,134,126
18,9,101,150,136
19,9,100,148,131
20,9,83,143,126
21,9,75,145,128
22,9,68,146,130
23,9,64,144,128
24,9,67,140,127
25,9,68,137,127
26,9,64,132,126
27,9,57,127,124
28,9,46,123,122
29,9,40,120,121
30,9,37,118,122
31,9,33,114,122
32,9,29,110,121
33,9,27,107,122
34,9,23,103,121
35,9,23,101,122
36,9,23,99,121
37,9,25,100,123
38,9,25,99,123
39,9,25,98,122
40,9,24,98,123
41,9,24,98,123
42,9,24,98,123
43,9,24,98,124
44,9,23,99,124
45,9,23,99,124
46,9,22,98,122
47,9,22,98,122
48,9,21,98,122
49,9,20,99,122
0,10,25,107,122
1,10,25,107,121
2,10,24,106,120
3,10,30,112,126
4,10,33,115,129
5,10,24,107,122
6,10,23,106,121
7,10,23,106,121
8,10,22,106,121
9,10,22,107,121
10,10,23,108,122
11,10,23,109,123
12,10,21,109,122
13,10,19,108,119
14,10,19,112,119
15,10,36,126,126
16,10,64,144,135
17,10,90,154,137
18,10,119,164,141
19,10,124,165,140
20,10,98,151,128
21,10,78,144,123
22,10,66,148,127
23,10,65,149,131
24,10,68,145,128
25,10,70,142,127
26,10,69,138,127
27,10,62,132,124
28,10,52,128,122
29,10,46,126,122
30,10,42,124,122
31,10,40,122,123
32,10,37,119,123
33,10,31,113,120
34,10,25,106,117
35,10,23,102,115
36,10,23,100,115
37,10,26,102,118
38,10,28,102,119
39,10,26,100,117
40,10,26,100,119
41,10,24,99,119
42,10,25,100,121
43,10,25,100,122
44,10,23,99,122
45,10,23,99,122
46,10,23,99,122
47,10,23,99,122
48,10,22,99,123
49,10,21,100,123
0,11,23,106,120
1,11,25,107,121
2,11,24,107,119
3,11,36,120,131
4,11,46,130,141
5,11,30,115,126
6,11,23,108,120
7,11,22,107,120
8,11,21,107,120
9,11,22,108,121
10,11,22,108,121
11,11,21,109,121
12,11,21,111,122
13,11,16,110,119
14,11,22,121,125
15,11,49,147,143
16,11,72,161,147
17,11,92,164,142
18,11,112,161,133
19,11,118,160,131
20,11,107,160,134
21,11,81,148,125
22,11,64,149,128
23,11,62,152,133
24,11,67,150,131
25,11,70,147,130
26,11,70,142,129
27,11,65,138,127
28,11,56,136,126
29,11,47,130,121
30,11,45,129,123
31,11,38,123,119
32,11,35,119,118
33,11,32,115,116
34,11,29,111,115
35,11,29,108,115
36,11,28,105,113
37,11,28,103,113
38,11,28,102,112
39,11,28,102,113
40,11,26,101,114
41,11,26,101,116
42,11,25,100,119
43,11,26,101,121
44,11,24,100,122
45,11,23,99,121
46,11,23,99,121
47,11,22,99,122
48,11,22,100,123
49,11,21,100,123
0,12,23,106,120
1,12,23,107,119
2,12,22,107,117
3,12,31,117,124
4,12,46,132,138
5,12,33,120,127
6,12,24,111,121
7,12,21,109,120
8,12,21,109,121
9,12,21,109,121
10,12,23,111,123
11,12,20,109,121
12,12,19,111,122
13,12,18,116,124
14,12,19,126,127
15,12,42,150,144
16,12,59,161,145
17,12,86,171,148
18,12,106,166,138
19,12,89,140,112
20,12,100,158,134
21,12,85,157,136
22,12,61,151,132
23,12,57,154,137
24,12,59,152,134
25,12,62,149,133
26,12,64,145,131
27,12,61,142,129
28,12,52,139,128
29,12,45,135,125
30,12,44,132,124
31,12,40,127,120
32,12,36,121,116
33,12,34,117,114
34,12,32,113,112
35,12,33,113,113
36,12,38,115,116
37,12,42,117,120
38,12,45,118,123
39,12,45,119,126
40,12,47,121,131
41,12,42,117,129
42,12,36,111,127
43,12,29,104,123
44,12,25,101,122
45,12,23,99,121
46,12,22,100,121
47,12,22,100,122
48,12,23,101,124
49,12,22,101,124
0,13,22,107,120
1,13,22,107,119
2,13,22,109,117
3,13,32,120,125
4,13,48,136,138
5,13,32,121,124
6,13,25,114,121
7,13,21,109,119
8,13,22,110,121
9,13,22,111,123
10,13,22,111,123
11,13,21,112,123
12,13,18,113,123
13,13,17,120,126
14,13,22,136,135
15,13,44,162,154
16,13,59,173,156
17,13,76,175,153
18,13,86,160,134
19,13,63,127,101
20,13,86,154,131
21,13,80,159,139
22,13,56,153,135
23,13,52,156,139
24,13,53,153,137
25,13,53,148,133
26,13,56,146,131
27,13,53,142,128
28,13,47,140,128
29,13,42,137,126
30,13,42,135,125
31,13,40,131,123
32,13,38,126,119
33,13,35,120,115
34,13,35,117,113
35,13,33,112,109
36,13,33,109,108
37,13,35,109,110
38,13,35,109,111
39,13,42,117,122
40,13,43,118,127
41,13,39,114,126
42,13,34,110,126
43,13,29,106,125
44,13,26,102,124
45,13,23,101,123
46,13,21,100,122
47,13,22,101,123
48,13,22,101,124
49,13,21,100,123
0,14,22,107,120
1,14,21,108,119
2,14,21,110,117
3,14,30,121,124
4,14,45,136,135
5,14,33,124,124
6,14,26,116,122
7,14,22,112,121
8,14,21,111,120
9,14,23,113,123
10,14,22,113,123
11,14,22,116,125
12,14,17,116,123
13,14,15,123,126
14,14,26,148,145
15,14,54,182,173
16,14,65,192,176
17,14,68,183,162
18,14,64,155,132
19,14,47,127,105
20,14,60,143,123
21,14,60,151,133
22,14,51,156,139
23,14,48,158,141
24,14,48,155,139
25,14,44,148,132
26,14,43,143,127
27,14,45,143,128
28,14,41,140,127
29,14,40,139,127
30,14,39,136,126
31,14,38,133,125
32,14,37,128,122
33,14,35,123,118
34,14,34,118,113
35,14,29,109,107
36,14,26,103,103
37,14,26,101,103
38,14,27,102,106
39,14,33,109,115
40,14,36,113,123
41,14,31,108,123
42,14,29,106,124
43,14,27,105,126
44,14,25,103,125
45,14,22,101,124
46,14,21,100,123
47,14,22,101,124
48,14,22,101,124
49,14,22,101,124
0,15,22,109,120
1,15,21,109,119
2,15,21,111,118
3,15,27,119,121
4,15,37,130,127
5,15,37,130,127
6,15,25,117,120
7,15,21,113,119
8,15,21,113,120
9,15,21,114,122
10,15,22,115,123
11,15,22,118,125
12,15,17,119,124
13,15,18,129,131
14,15,34,162,157
15,15,56,192,181
16,15,57,193,178
17,15,62,189,170
18,15,60,167,147
19,15,48,145,126
20,15,47,146,126
21,15,49,152,134
22,15,48,159,142
23,15,45,159,143
24,15,45,155,140
25,15,39,145,131
26,15,40,144,128
27,15,41,143,128
28,15,39,141,128
29,15,39,141,129
30,15,38,138,128
31,15,37,135,127
32,15,36,130,123
33,15,35,124,119
34,15,32,118,114
35,15,27,109,107
36,15,23,101,103
37,15,23,99,104
38,15,25,101,106
39,15,30,107,115
40,15,31,109,121
41,15,25,104,119
42,15,23,102,121
43,15,25,104,125
44,15,24,103,125
45,15,24,103,125
46,15,22,102,125
47,15,22,102,125
48,15,23,102,125
49,15,22,101,123
0,16,21,109,119
1,16,21,110,119
2,16,20,112,117
3,16,23,117,117
4,16,32,127,122
5,16,39,135,130
6,16,26,121,122
7,16,20,115,118
8,16,20,115,119
9,16,21,115,121
10,16,22,116,123
11,16,24,121,127
12,16,13,115,120
13,16,21,135,136
14,16,43,174,168
15,16,55,195,184
16,16,50,192,178
17,16,52,189,172
18,16,59,183,165
19,16,56,173,155
20,16,53,169,150
21,16,50,166,147
22,16,46,163,146
23,16,44,159,143
24,16,46,155,141
25,16,42,147,133
26,16,43,144,130
27,16,44,143,130
28,16,42,142,130
29,16,40,140,129
30,16,38,138,128
31,16,36,134,125
32,16,35,130,123
33,16,33,125,119
34,16,30,117,114
35,16,24,108,108
36,16,23,102,107
37,16,23,100,107
38,16,23,100,108
39,16,25,103,113
40,16,26,105,117
41,16,22,102,116
42,16,23,103,120
43,16,23,104,122
44,16,23,104,123
45,16,23,104,124
46,16,23,104,125
47,16,22,103,124
48,16,22,102,124
49,16,22,102,124
0,17,23,111,121
1,17,22,112,120
2,17,19,112,116
3,17,24,120,119
4,17,33,131,124
5,17,37,135,128
6,17,33,129,127
7,17,22,117,118
8,17,21,116,119
9,17,21,116,120
10,17,22,117,122
11,17,24,122,127
12,17,22,124,128
13,17,44,158,158
14,17,54,186,179
15,17,53,196,184
16,17,51,196,182
17,17,48,190,175
18,17,55,189,172
19,17,63,191,174
20,17,58,185,167
21,17,57,181,163
22,17,46,167,151
23,17,41,157,142
24,17,46,155,141
25,17,48,151,138
26,17,50,149,135
27,17,48,145,132
28,17,46,144,131
29,17,42,140,127
30,17,40,139,127
31,17,37,134,124
32,17,34,130,120
33,17,33,125,118
34,17,29,117,113
35,17,23,107,108
36,17,22,103,107
37,17,22,101,108
38,17,22,100,109
39,17,23,102,113
40,17,24,105,116
41,17,22,104,117
42,17,22,104,119
43,17,22,105,121
44,17,23,104,122
45,17,23,104,123
46,17,22,103,123
47,17,22,103,123
48,17,22,103,123
49,17,22,103,123
0,18,25,114,122
1,18,24,114,121
2,18,19,114,117
3,18,26,125,123
4,18,35,136,128
5,18,35,135,126
6,18,38,134,130
7,18,30,123,122
8,18,25,117,119
9,18,22,115,119
10,18,22,117,121
11,18,20,118,121
12,18,29,131,134
13,18,72,185,184
14,18,81,212,204
15,18,57,199,187
16,18,45,191,177
17,18,48,193,177
18,18,56,194,178
19,18,59,194,177
20,18,58,191,174
21,18,54,183,167
22,18,45,169,153
23,18,40,158,143
24,18,47,156,142
25,18,53,155,141
26,18,56,152,138
27,18,55,149,134
28,18,53,147,132
29,18,45,140,126
30,18,44,139,125
31,18,39,134,121
32,18,34,127,116
33,18,31,122,114
34,18,28,114,110
35,18,25,108,108
36,18,20,101,104
37,18,20,99,106
38,18,22,100,109
39,18,24,104,114
40,18,24,106,117
41,18,22,106,118
42,18,22,107,120
43,18,22,106,121
44,18,22,105,121
45,18,22,105,122
46,18,22,105,123
47,18,21,103,122
48,18,21,103,122
49,18,21,103,122
0,19,26,115,122
1,19,24,116,122
2,19,21,118,120
3,19,29,129,127
4,19,35,138,129
5,19,35,136,126
6,19,40,135,128
7,19,34,126,123
8,19,28,119,120
9,19,24,116,119
10,19,23,118,121
11,19,14,112,114
12,19,20,121,122
13,19,67,178,176
14,19,83,210,202
15,19,69,206,194
16,19,53,195,180
17,19,51,193,177
18,19,52,191,175
19,19,50,187,170
20,19,48,183,167
21,19,46,177,161
22,19,46,170,154
23,19,46,162,147
24,19,50,157,142
25,19,58,157,142
26,19,63,156,139
27,19,61,151,133
28,19,58,148,131
29,19,50,140,124
30,19,47,138,122
31,19,42,133,118
32,19,36,126,114
33,19,30,118,110
34,19,26,111,106
35,19,25,106,106
36,19,23,102,105
37,19,19,98,103
38,19,28,107,114
39,19,34,114,122
40,19,26,110,119
41,19,24,109,120
42,19,24,110,122
43,19,24,110,123
44,19,25,110,124
45,19,23,108,122
46,19,23,107,123
47,19,23,107,123
48,19,23,107,124
49,19,21,105,122
0,20,25,115,122
1,20,22,115,121
2,20,28,126,128
3,20,32,134,131
4,20,34,138,128
5,20,40,142,130
6,20,41,134,125
7,20,37,126,120
8,20,30,120,118
9,20,27,119,120
10,20,24,119,121
11,20,22,120,122
12,20,20,121,122
13,20,23,130,128
14,20,45,163,157
15,20,57,183,172
16,20,60,192,178
17,20,53,188,172
18,20,47,181,165
19,20,45,179,163
20,20,47,179,164
21,20,47,175,159
22,20,48,169,154
23,20,50,163,146
24,20,55,158,140
25,20,64,158,139
26,20,68,156,134
27,20,67,152,130
28,20,65,149,130
29,20,58,142,125
30,20,56,140,124
31,20,48,133,119
32,20,44,129,117
33,20,37,121,113
34,20,31,113,108
35,20,28,107,106
36,20,27,104,106
37,20,19,97,100
38,20,43,122,126
39,20,53,134,139
40,20,24,109,114
41,20,19,106,113
42,20,23,110,120
43,20,24,112,123
44,20,24,112,123
45,20,25,112,123
46,20,25,112,124
47,20,25,112,124
48,20,25,111,125
49,20,25,111,125
0,21,25,115,122
1,21,22,115,120
2,21,30,128,129
3,21,39,141,136
4,21,39,143,132
5,21,45,145,132
6,21,49,140,128
7,21,44,131,122
8,21,33,122,118
9,21,28,120,118
10,21,25,122,121
11,21,25,125,125
12,21,24,125,125
13,21,21,125,124
14,21,25,134,129
15,21,32,146,138
16,21,44,164,152
17,21,46,170,155
18,21,41,167,153
19,21,44,170,156
20,21,50,176,161
21,21,50,172,157
22,21,50,165,150
23,21,55,160,143
24,21,64,158,138
25,21,72,157,134
26,21,76,155,128
27,21,78,154,128
28,21,77,153,131
29,21,70,147,128
30,21,70,147,130
31,21,62,140,126
32,21,56,136,124
33,21,46,127,118
34,21,37,116,111
35,21,33,111,108
36,21,29,106,106
37,21,22,100,102
38,21,50,129,132
39,21,50,132,136
40,21,22,108,112
41,21,22,110,116
42,21,25,113,122
43,21,25,113,123
44,21,25,113,123
45,21,26,114,124
46,21,25,113,123
47,21,25,113,123
48,21,24,112,123
49,21,23,111,122
0,22,25,116,121
1,22,22,115,119
2,22,29,126,125
3,22,40,141,134
4,22,43,145,133
5,22,45,143,129
6,22,53,141,127
7,22,49,134,122
8,22,35,123,115
9,22,29,121,116
10,22,27,124,122
11,22,25,125,124
12,22,25,125,125
13,22,24,125,124
14,22,23,125,122
15,22,28,131,126
16,22,34,140,130
17,22,41,150,138
18,22,42,155,142
19,22,44,160,146
20,22,48,163,149
21,22,48,160,146
22,22,52,156,140
23,22,65,159,141
24,22,85,166,143
25,22,94,166,139
26,22,96,161,131
27,22,93,156,127
28,22,89,156,131
29,22,83,152,131
30,22,77,148,131
31,22,72,145,131
32,22,62,138,125
33,22,53,131,119
34,22,40,118,110
35,22,34,112,106
36,22,30,109,106
37,22,28,108,107
38,22,49,131,132
39,22,42,126,129
40,22,24,111,116
41,22,25,114,120
42,22,27,115,124
43,22,25,113,123
44,22,25,113,123
45,22,25,113,123
46,22,24,114,122
47,22,24,114,122
48,22,23,113,121
49,22,22,112,121
0,23,24,116,119
1,23,22,116,117
2,23,29,125,122
3,23,43,140,133
4,23,45,142,132
5,23,47,141,127
6,23,54,139,123
7,23,54,136,121
8,23,43,127,116
9,23,32,120,112
10,23,29,124,119
11,23,26,125,123
12,23,25,125,125
13,23,22,122,122
14,23,22,119,119
15,23,30,126,123
16,23,34,130,124
17,23,40,137,128
18,23,44,144,132
19,23,42,144,130
20,23,42,144,130
21,23,49,148,133
22,23,57,149,134
23,23,77,160,142
24,23,102,173,150
25,23,104,167,139
26,23,100,156,126
27,23,94,150,120
28,23,90,150,124
29,23,83,147,125
30,23,76,143,125
31,23,69,140,124
32,23,61,135,120
33,23,51,127,114
34,23,43,120,110
35,23,35,113,106
36,23,28,107,103
37,23,24,105,104
38,23,45,129,130
39,23,39,125,128
40,23,25,114,119
41,23,24,114,121
42,23,26,116,124
43,23,24,114,123
44,23,24,114,123
45,23,24,114,123
46,23,24,114,122
47,23,23,114,121
48,23,23,114,121
49,23,24,114,121
0,24,23,117,117
1,24,22,115,114
2,24,30,123,120
3,24,44,137,131
4,24,48,142,133
5,24,51,140,128
6,24,56,137,121
7,24,58,135,117
8,24,53,130,114
9,24,39,120,108
10,24,32,121,115
11,24,28,123,120
12,24,24,124,124
13,24,25,125,126
14,24,22,120,122
15,24,28,123,124
16,24,35,127,124
17,24,41,129,122
18,24,45,130,119
19,24,50,134,120
20,24,49,134,118
21,24,54,138,121
22,24,63,143,127
23,24,74,147,130
24,24,89,152,131
25,24,94,151,126
26,24,90,143,115
27,24,92,145,117
28,24,87,144,119
29,24,79,141,119
30,24,73,139,121
31,24,65,135,118
32,24,56,130,113
33,24,48,123,109
34,24,41,118,108
35,24,34,112,105
36,24,27,106,102
37,24,23,104,103
38,24,30,116,116
39,24,34,123,126
40,24,28,118,123
41,24,24,114,120
42,24,23,114,122
43,24,23,115,122
44,24,24,116,123
45,24,24,116,123
46,24,23,115,121
47,24,23,115,120
48,24,24,116,121
49,24,25,115,122
0,25,22,118,117
1,25,22,116,114
2,25,32,123,119
3,25,49,137,132
4,25,49,136,129
5,25,53,135,123
6,25,61,134,116
7,25,65,134,113
8,25,59,126,107
9,25,45,116,101
10,25,36,117,108
11,25,32,121,116
12,25,25,121,120
13,25,23,123,124
14,25,24,123,125
15,25,28,125,126
16,25,35,127,125
17,25,41,126,121
18,25,49,126,116
19,25,62,133,118
20,25,63,130,112
21,25,69,133,114
22,25,69,132,113
23,25,75,134,115
24,25,84,137,116
25,25,88,138,114
26,25,85,133,108
27,25,85,136,111
28,25,79,135,112
29,25,72,134,113
30,25,66,132,114
31,25,58,128,112
32,25,50,123,106
33,25,41,116,102
34,25,36,112,102
35,25,32,109,102
36,25,27,104,101
37,25,23,103,102
38,25,23,110,111
39,25,26,117,120
40,25,22,114,118
41,25,22,115,121
42,25,22,115,121
43,25,22,115,122
44,25,23,116,123
45,25,23,116,122
46,25,23,115,120
47,25,23,115,120
48,25,24,116,121
49,25,23,115,120
0,26,22,119,120
1,26,22,116,115
2,26,34,123,120
3,26,51,135,129
4,26,52,130,124
5,26,59,131,119
6,26,71,133,112
7,26,76,133,108
8,26,71,127,105
9,26,59,119,100
10,26,50,121,107
11,26,38,119,110
12,26,28,119,115
13,26,25,122,122
14,26,23,124,124
15,26,26,127,126
16,26,31,128,126
17,26,40,129,124
18,26,48,124,114
19,26,62,124,110
20,26,76,125,104
21,26,84,126,102
22,26,85,126,101
23,26,86,127,102
24,26,87,128,104
25,26,87,129,106
26,26,87,132,110
27,26,82,132,111
28,26,75,132,113
29,26,66,129,111
30,26,63,130,114
31,26,56,126,111
32,26,46,119,103
33,26,38,113,99
34,26,34,110,100
35,26,31,106,101
36,26,27,103,101
37,26,21,100,101
38,26,21,108,110
39,26,20,112,116
40,26,21,114,119
41,26,21,115,121
42,26,21,115,122
43,26,21,116,122
44,26,22,117,123
45,26,22,116,122
46,26,23,116,121
47,26,22,115,120
48,26,23,117,121
49,26,22,116,120
0,27,22,119,119
1,27,24,117,116
2,27,33,121,116
3,27,54,133,127
4,27,64,135,128
5,27,69,131,119
6,27,85,138,118
7,27,88,138,113
8,27,78,127,105
9,27,66,120,101
10,27,68,132,117
11,27,49,123,113
12,27,30,116,112
13,27,26,122,121
14,27,23,124,123
15,27,23,126,125
16,27,27,129,126
17,27,34,127,123
18,27,45,123,114
19,27,58,118,102
20,27,78,116,92
21,27,93,119,89
22,27,98,122,90
23,27,100,124,92
24,27,101,129,98
25,27,97,129,101
26,27,92,130,106
27,27,86,131,110
28,27,77,132,112
29,27,68,129,112
30,27,61,126,112
31,27,51,120,107
32,27,42,114,100
33,27,38,113,100
34,27,35,109,100
35,27,31,106,101
36,27,27,101,100
37,27,22,100,102
38,27,23,110,112
39,27,21,113,117
40,27,20,114,120
41,27,21,116,122
42,27,21,116,122
43,27,22,117,123
44,27,22,117,123
45,27,22,117,122
46,27,23,118,122
47,27,22,117,121
48,27,22,117,121
49,27,22,117,121
0,28,21,117,115
1,28,25,116,112
2,28,35,120,113
3,28,57,134,125
4,28,73,137,127
5,28,74,130,117
6,28,79,129,110
7,28,84,133,112
8,28,80,129,110
9,28,68,120,104
10,28,70,129,116
11,28,50,120,112
12,28,34,117,115
13,28,31,124,124
14,28,25,125,125
15,28,25,128,127
16,28,24,128,127
17,28,28,127,123
18,28,39,123,114
19,28,56,119,101
20,28,77,113,84
21,28,95,114,77
22,28,106,116,75
23,28,112,120,78
24,28,112,126,85
25,28,109,129,92
26,28,99,127,96
27,28,91,128,101
28,28,82,130,106
29,28,72,128,108
30,28,61,125,110
31,28,54,123,110
32,28,47,119,105
33,28,42,117,104
34,28,36,110,101
35,28,32,106,101
36,28,28,103,101
37,28,21,100,102
38,28,22,108,111
39,28,22,113,117
40,28,21,114,120
41,28,21,116,122
42,28,21,116,122
43,28,22,117,123
44,28,22,117,123
45,28,22,117,122
46,28,22,117,121
47,28,22,117,121
48,28,21,117,121
49,28,21,117,121
0,29,28,122,116
1,29,33,121,114
2,29,34,117,106
3,29,57,130,118
4,29,74,136,124
5,29,71,126,112
6,29,63,115,99
7,29,68,119,102
8,29,75,126,111
9,29,64,119,106
10,29,59,119,109
11,29,49,117,111
12,29,40,120,119
13,29,39,127,129
14,29,32,128,128
15,29,27,128,128
16,29,22,127,127
17,29,27,128,124
18,29,34,123,113
19,29,53,120,102
20,29,77,114,84
21,29,96,111,72
22,29,112,114,67
23,29,123,121,71
24,29,120,124,73
25,29,117,126,79
26,29,108,124,85
27,29,99,124,91
28,29,89,126,98
29,29,76,125,103
30,29,64,124,108
31,29,56,123,109
32,29,49,121,106
33,29,45,119,105
34,29,41,114,104
35,29,35,109,103
36,29,31,105,104
37,29,24,103,105
38,29,21,108,110
39,29,20,112,116
40,29,20,115,119
41,29,20,116,121
42,29,20,116,122
43,29,21,117,123
44,29,21,117,123
45,29,21,117,122
46,29,21,117,121
47,29,20,116,120
48,29,19,117,120
49,29,20,118,121
0,30,51,144,133
1,30,60,146,134
2,30,59,137,122
3,30,70,141,126
4,30,75,139,125
5,30,67,126,113
6,30,49,108,94
7,30,49,107,93
8,30,56,115,103
9,30,49,109,100
10,30,42,106,100
11,30,44,114,111
12,30,50,127,126
13,30,45,129,129
14,30,40,131,132
15,30,30,127,127
16,30,24,127,126
17,30,26,127,123
18,30,31,124,115
19,30,46,119,102
20,30,70,112,83
21,30,95,112,72
22,30,113,113,62
23,30,134,127,70
24,30,139,136,76
25,30,126,125,69
26,30,119,121,73
27,30,111,122,82
28,30,97,121,89
29,30,83,121,97
30,30,68,122,105
31,30,57,122,108
32,30,50,121,105
33,30,46,118,104
34,30,44,116,105
35,30,40,112,106
36,30,34,108,108
37,30,26,105,107
38,30,21,111,112
39,30,19,114,116
40,30,19,115,118
41,30,21,117,122
42,30,21,117,122
43,30,21,117,123
44,30,21,117,123
45,30,21,117,122
46,30,21,117,121
47,30,20,118,121
48,30,20,118,121
49,30,21,119,122
0,31,55,147,134
1,31,63,149,136
2,31,70,149,134
3,31,69,143,128
4,31,68,136,123
5,31,62,128,117
6,31,43,110,99
7,31,37,104,94
8,31,40,106,96
9,31,35,102,95
10,31,32,101,97
11,31,40,113,111
12,31,50,128,128
13,31,43,126,126
14,31,38,128,128
15,31,30,125,126
16,31,25,126,126
17,31,25,126,122
18,31,30,125,116
19,31,44,121,103
20,31,70,114,86
21,31,93,112,72
22,31,109,110,59
23,31,127,121,62
24,31,150,148,83
25,31,147,146,81
26,31,125,123,64
27,31,112,116,65
28,31,104,119,82
29,31,90,119,92
30,31,75,119,99
31,31,64,119,103
32,31,57,119,103
33,31,51,118,103
34,31,46,116,104
35,31,43,116,108
36,31,38,114,113
37,31,27,109,111
38,31,22,113,113
39,31,19,116,116
40,31,20,117,119
41,31,20,118,121
42,31,20,118,122
43,31,20,117,122
44,31,20,117,123
45,31,20,118,122
46,31,20,118,121
47,31,20,118,121
48,31,20,119,122
49,31,20,119,122
0,32,30,124,113
1,32,32,121,110
2,32,41,124,113
3,32,48,127,117
4,32,55,130,122
5,32,56,131,123
6,32,43,121,113
7,32,35,112,104
8,32,32,106,98
9,32,24,98,91
10,32,24,100,96
11,32,32,111,109
12,32,40,123,122
13,32,42,129,129
14,32,34,125,126
15,32,29,125,125
16,32,26,126,126
17,32,25,125,122
18,32,29,125,115
19,32,43,120,101
20,32,70,115,84
21,32,91,113,72
22,32,104,111,62
23,32,109,111,54
24,32,126,134,68
25,32,158,165,94
26,32,152,155,82
27,32,122,125,61
28,32,104,114,70
29,32,101,120,89
30,32,87,117,92
31,32,76,115,94
32,32,68,115,98
33,32,60,116,102
34,32,51,117,105
35,32,45,119,110
36,32,37,119,115
37,32,27,116,115
38,32,22,116,115
39,32,20,117,117
40,32,19,117,118
41,32,20,118,120
42,32,20,118,121
43,32,20,118,122
44,32,21,118,123
45,32,21,119,123
46,32,20,119,122
47,32,20,119,122
48,32,21,120,123
49,32,21,121,123
0,33,28,125,115
1,33,21,112,103
2,33,28,112,102
3,33,33,112,102
4,33,46,122,114
5,33,55,133,126
6,33,45,130,123
7,33,40,127,119
8,33,36,117,109
9,33,26,105,99
10,33,26,106,103
11,33,26,109,108
12,33,25,110,111
13,33,28,116,117
14,33,25,117,118
15,33,26,122,122
16,33,24,124,123
17,33,24,123,119
18,33,26,123,113
19,33,39,119,101
20,33,65,116,86
21,33,86,115,78
22,33,97,113,70
23,33,99,113,64
24,33,98,122,64
25,33,127,152,87
26,33,157,175,101
27,33,142,156,88
28,33,101,116,67
29,33,92,111,74
30,33,91,114,83
31,33,83,113,87
32,33,77,113,93
33,33,70,117,101
34,33,59,121,107
35,33,47,123,113
36,33,36,122,118
37,33,27,120,118
38,33,24,121,119
39,33,22,121,119
40,33,22,120,121
41,33,22,120,122
42,33,21,119,121
43,33,21,119,122
44,33,21,119,123
45,33,21,119,123
46,33,20,119,122
47,33,19,120,122
48,33,20,121,123
49,33,20,121,123
0,34,37,138,129
1,34,38,131,120
2,34,38,120,105
3,34,42,116,101
4,34,48,118,108
5,34,53,129,120
6,34,45,135,125
7,34,46,141,130
8,34,42,130,122
9,34,30,115,109
10,34,28,111,110
11,34,25,109,110
12,34,23,110,111
13,34,22,112,113
14,34,23,115,117
15,34,23,118,119
16,34,24,122,122
17,34,22,121,117
18,34,20,117,108
19,34,33,118,102
20,34,57,118,94
21,34,76,118,89
22,34,86,116,83
23,34,84,115,80
24,34,73,121,81
25,34,83,134,86
26,34,119,160,99
27,34,142,176,114
28,34,112,142,90
29,34,89,116,72
30,34,89,115,77
31,34,86,112,81
32,34,83,113,87
33,34,79,119,99
34,34,65,125,108
35,34,51,127,116
36,34,37,125,121
37,34,28,124,122
38,34,26,125,122
39,34,25,125,123
40,34,24,124,123
41,34,24,124,125
42,34,23,122,124
43,34,21,120,123
44,34,21,120,124
45,34,21,120,124
46,34,20,121,123
47,34,20,121,123
48,34,20,121,123
49,34,16,118,120
0,35,40,141,131
1,35,44,136,124
2,35,57,134,116
3,35,73,142,122
4,35,70,135,120
5,35,57,129,117
6,35,44,136,124
7,35,49,148,137
8,35,48,141,132
9,35,34,122,117
10,35,27,113,112
11,35,25,110,112
12,35,24,112,114
13,35,23,114,116
14,35,24,117,118
15,35,24,119,120
16,35,24,121,121
17,35,24,122,119
18,35,20,118,111
19,35,29,118,106
20,35,45,116,99
21,35,61,117,96
22,35,72,117,94
23,35,71,120,97
24,35,56,124,100
25,35,55,127,96
26,35,70,134,89
27,35,110,165,115
28,35,127,175,126
29,35,102,142,97
30,35,91,125,84
31,35,83,112,76
32,35,85,111,81
33,35,87,122,98
34,35,71,129,111
35,35,53,129,117
36,35,36,127,122
37,35,28,127,125
38,35,26,126,123
39,35,26,127,123
40,35,26,126,125
41,35,27,127,127
42,35,25,125,126
43,35,23,122,125
44,35,22,121,125
45,35,21,122,125
46,35,21,123,125
47,35,21,123,125
48,35,20,123,124
49,35,17,121,122
0,36,36,133,122
1,36,42,130,116
2,36,72,144,123
3,36,102,164,141
4,36,99,158,137
5,36,65,133,115
6,36,42,134,120
7,36,54,154,144
8,36,61,155,147
9,36,41,130,125
10,36,35,122,121
11,36,28,115,116
12,36,24,112,115
13,36,24,115,117
14,36,24,118,119
15,36,23,119,119
16,36,23,120,119
17,36,24,121,119
18,36,21,118,115
19,36,25,117,111
20,36,34,117,106
21,36,48,121,108
22,36,55,120,106
23,36,54,122,109
24,36,41,124,113
25,36,38,127,112
26,36,45,129,104
27,36,63,140,107
28,36,102,168,131
29,36,106,162,123
30,36,99,147,108
31,36,82,119,83
32,36,85,110,78
33,36,90,123,96
34,36,70,129,108
35,36,47,126,113
36,36,34,127,123
37,36,28,129,127
38,36,27,129,124
39,36,27,129,124
40,36,24,124,122
41,36,15,115,115
42,36,22,122,123
43,36,27,127,129
44,36,25,126,129
45,36,22,124,127
46,36,22,124,126
47,36,21,125,126
48,36,22,127,128
49,36,22,129,129
0,37,31,127,115
1,37,37,125,110
2,37,60,133,114
3,37,84,150,128
4,37,91,154,133
5,37,64,137,118
6,37,31,124,111
7,37,43,143,133
8,37,68,162,154
9,37,56,146,142
10,37,43,130,129
11,37,33,120,121
12,37,24,113,116
13,37,24,115,117
14,37,24,118,119
15,37,23,119,118
16,37,23,120,119
17,37,23,120,119
18,37,22,118,116
19,37,25,118,115
20,37,28,117,112
21,37,34,119,112
22,37,38,116,109
23,37,38,119,113
24,37,34,126,122
25,37,29,127,121
26,37,35,132,120
27,37,34,126,106
28,37,57,140,114
29,37,92,164,134
30,37,89,151,118
31,37,75,122,88
32,37,81,110,79
33,37,90,123,96
34,37,70,131,109
35,37,45,126,112
36,37,33,128,123
37,37,30,133,131
38,37,24,127,122
39,37,25,127,122
40,37,19,120,118
41,37,10,110,109
42,37,12,112,113
43,37,23,123,125
44,37,26,127,130
45,37,21,123,126
46,37,23,126,127
47,37,23,127,128
48,37,22,129,129
49,37,25,133,133
0,38,30,126,114
1,38,35,127,113
2,38,37,121,105
3,38,50,130,113
4,38,62,142,125
5,38,52,137,122
6,38,31,129,116
7,38,27,127,117
8,38,47,141,133
9,38,54,144,140
10,38,45,134,132
11,38,33,121,122
12,38,28,117,119
13,38,25,116,118
14,38,24,116,117
15,38,23,117,117
16,38,23,117,117
17,38,22,117,117
18,38,23,117,117
19,38,23,117,116
20,38,24,117,114
21,38,26,117,113
22,38,28,117,113
23,38,29,119,116
24,38,28,123,120
25,38,26,125,121
26,38,27,129,122
27,38,30,131,121
28,38,34,130,117
29,38,56,143,125
30,38,64,139,115
31,38,57,116,88
32,38,73,109,82
33,38,85,123,99
34,38,64,128,109
35,38,41,124,112
36,38,28,124,120
37,38,25,128,126
38,38,22,125,121
39,38,24,126,122
40,38,20,121,119
41,38,15,115,114
42,38,10,110,111
43,38,16,115,118
44,38,24,124,126
45,38,20,121,123
46,38,21,123,125
47,38,22,126,127
48,38,23,128,129
49,38,24,132,132
0,39,35,132,120
1,39,39,134,121
2,39,34,125,111
3,39,34,123,110
4,39,43,132,119
5,39,44,137,125
6,39,36,136,125
7,39,30,130,120
8,39,29,123,115
9,39,33,123,118
10,39,38,126,125
11,39,33,121,122
12,39,29,118,119
13,39,27,117,118
14,39,25,116,117
15,39,22,115,115
16,39,23,116,116
17,39,22,116,116
18,39,22,116,116
19,39,22,116,116
20,39,24,117,116
21,39,25,118,117
22,39,25,118,117
23,39,25,119,118
24,39,25,119,118
25,39,24,121,119
26,39,23,125,121
27,39,27,131,125
28,39,31,133,126
29,39,35,131,120
30,39,41,125,108
31,39,45,112,92
32,39,64,110,89
33,39,78,124,105
34,39,56,124,108
35,39,34,119,107
36,39,22,118,114
37,39,20,122,120
38,39,22,124,121
39,39,24,126,122
40,39,26,126,124
41,39,22,122,121
42,39,16,116,117
43,39,17,117,119
44,39,21,121,123
45,39,20,121,123
46,39,22,123,125
47,39,21,124,125
48,39,22,126,127
49,39,23,130,130
0,40,42,141,128
1,40,40,136,124
2,40,36,129,118
3,40,34,127,116
4,40,42,135,125
5,40,47,143,133
6,40,41,142,132
7,40,34,134,124
8,40,25,119,111
9,40,27,116,111
10,40,31,117,115
11,40,33,120,120
12,40,29,117,118
13,40,26,116,116
14,40,24,115,115
15,40,23,116,115
16,40,21,114,113
17,40,21,114,113
18,40,22,115,115
19,40,21,113,114
20,40,23,114,115
21,40,24,115,116
22,40,25,117,118
23,40,25,117,118
24,40,26,117,118
25,40,27,121,121
26,40,24,122,122
27,40,24,124,122
28,40,26,125,121
29,40,26,121,114
30,40,30,117,106
31,40,39,114,101
32,40,59,116,105
33,40,64,120,109
34,40,49,122,111
35,40,35,121,111
36,40,28,123,118
37,40,24,124,122
38,40,23,125,122
39,40,24,126,123
40,40,27,127,126
41,40,25,125,125
42,40,23,123,123
43,40,20,120,121
44,40,15,116,118
45,40,19,120,122
46,40,22,123,125
47,40,22,124,126
48,40,23,127,128
49,40,23,127,128
0,41,47,148,134
1,41,41,139,126
2,41,36,132,121
3,41,38,134,124
4,41,43,139,129
5,41,42,140,131
6,41,38,140,129
7,41,34,135,125
8,41,33,129,120
9,41,31,122,116
10,41,28,116,112
11,41,30,117,115
12,41,28,117,115
13,41,25,115,114
14,41,24,115,114
15,41,23,115,113
16,41,22,113,112
17,41,21,112,112
18,41,22,113,114
19,41,21,112,113
20,41,24,114,115
21,41,25,115,116
22,41,25,116,117
23,41,25,116,117
24,41,27,117,118
25,41,27,118,119
26,41,24,119,120
27,41,22,119,118
28,41,20,118,115
29,41,22,118,113
30,41,26,117,110
31,41,31,113,107
32,41,42,111,106
33,41,48,116,111
34,41,36,115,109
35,41,31,119,113
36,41,28,123,119
37,41,26,125,123
38,41,25,125,123
39,41,23,124,123
40,41,25,125,125
41,41,26,126,126
42,41,25,125,125
43,41,23,123,123
44,41,18,119,120
45,41,20,121,123
46,41,23,124,126
47,41,22,124,126
48,41,22,124,126
49,41,21,123,125
0,42,47,149,136
1,42,42,142,130
2,42,39,138,126
3,42,40,139,128
4,42,39,138,127
5,42,32,132,121
6,42,32,133,123
7,42,37,138,128
8,42,41,140,130
9,42,37,132,124
10,42,33,124,118
11,42,29,118,114
12,42,26,116,112
13,42,26,116,113
14,42,24,114,112
15,42,23,113,112
16,42,23,113,112
17,42,22,112,112
18,42,23,113,113
19,42,22,112,112
20,42,24,112,113
21,42,24,112,113
22,42,24,114,114
23,42,25,115,115
24,42,26,116,116
25,42,26,117,117
26,42,24,118,117
27,42,22,118,116
28,42,20,116,114
29,42,20,116,114
30,42,22,117,113
31,42,29,118,115
32,42,29,110,109
33,42,33,113,112
34,42,28,117,115
35,42,24,118,116
36,42,23,120,119
37,42,25,123,123
38,42,25,123,124
39,42,24,124,124
40,42,24,124,124
41,42,25,125,125
42,42,25,125,125
43,42,24,124,124
44,42,24,124,124
45,42,22,123,124
46,42,22,123,125
47,42,21,122,124
48,42,21,122,124
49,42,20,121,123
0,43,48,147,135
1,43,45,145,133
2,43,43,143,131
3,43,43,143,131
4,43,39,139,127
5,43,26,126,115
6,43,29,131,120
7,43,36,139,128
8,43,41,143,132
9,43,41,141,131
10,43,41,138,129
11,43,33,127,120
12,43,29,122,117
13,43,27,119,114
14,43,26,116,113
15,43,25,115,113
16,43,24,114,113
17,43,24,114,113
18,43,24,114,113
19,43,23,113,112
20,43,24,112,112
21,43,25,113,113
22,43,24,114,113
23,43,25,115,115
24,43,26,116,116
25,43,27,118,118
26,43,26,119,118
27,43,24,118,117
28,43,23,119,118
29,43,23,119,118
30,43,22,118,116
31,43,25,119,118
32,43,27,117,117
33,43,26,115,116
34,43,26,119,119
35,43,23,119,119
36,43,23,118,119
37,43,23,120,121
38,43,24,121,122
39,43,23,120,121
40,43,22,120,121
41,43,23,121,122
42,43,24,122,123
43,43,24,124,124
44,43,24,124,124
45,43,24,124,125
46,43,23,124,125
47,43,21,122,124
48,43,21,121,123
49,43,21,120,123
0,44,52,146,136
1,44,50,147,136
2,44,51,150,138
3,44,50,150,138
4,44,41,141,129
5,44,28,128,117
6,44,28,131,120
7,44,32,136,125
8,44,36,142,130
9,44,37,143,131
10,44,41,144,133
11,44,37,137,128
12,44,32,129,122
13,44,30,124,118
14,44,27,119,115
15,44,27,117,115
16,44,28,117,115
17,44,27,116,114
18,44,27,116,114
19,44,26,115,113
20,44,26,115,113
21,44,24,112,112
22,44,25,113,113
23,44,25,114,114
24,44,25,115,115
25,44,27,118,118
26,44,26,119,118
27,44,26,120,119
28,44,28,122,121
29,44,27,123,121
30,44,24,120,118
31,44,23,119,117
32,44,22,116,116
33,44,24,117,117
34,44,24,118,118
35,44,24,118,118
36,44,24,116,118
37,44,25,117,119
38,44,23,117,119
39,44,22,117,119
40,44,21,118,119
41,44,21,118,119
42,44,21,118,119
43,44,23,120,121
44,44,24,122,123
45,44,26,124,126
46,44,24,124,125
47,44,23,123,125
48,44,23,123,125
49,44,23,122,125
0,45,48,136,128
1,45,52,144,134
2,45,56,152,141
3,45,55,152,141
4,45,48,147,135
5,45,39,138,126
6,45,31,133,121
7,45,32,137,125
8,45,31,140,126
9,45,31,142,127
10,45,37,146,132
11,45,36,141,129
12,45,32,132,123
13,45,30,125,119
14,45,27,119,114
15,45,28,117,114
16,45,29,116,114
17,45,29,116,114
18,45,28,116,113
19,45,28,115,113
20,45,26,113,112
21,45,25,112,111
22,45,25,112,112
23,45,24,112,112
24,45,24,114,113
25,45,26,117,116
26,45,27,120,118
27,45,27,121,119
28,45,27,121,119
29,45,27,122,119
30,45,24,120,117
31,45,23,119,117
32,45,19,116,115
33,45,21,117,117
34,45,22,117,118
35,45,21,115,116
36,45,23,114,116
37,45,24,115,117
38,45,23,116,117
39,45,23,117,119
40,45,22,117,119
41,45,21,116,118
42,45,22,117,119
43,45,22,119,120
44,45,25,122,123
45,45,26,124,126
46,45,26,125,127
47,45,26,125,128
48,45,27,127,129
49,45,27,126,129
0,46,47,128,120
1,46,51,137,127
2,46,56,146,136
3,46,57,150,139
4,46,56,151,139
5,46,51,148,137
6,46,38,137,125
7,46,32,135,123
8,46,30,139,124
9,46,34,146,130
10,46,37,148,132
11,46,37,145,130
12,46,34,136,124
13,46,29,126,117
14,46,28,119,113
15,46,29,115,111
16,46,30,115,112
17,46,31,116,113
18,46,28,115,112
19,46,28,115,113
20,46,29,113,112
21,46,28,112,112
22,46,26,113,112
23,46,25,114,112
24,46,25,115,113
25,46,25,116,115
26,46,26,118,116
27,46,25,118,116
28,46,24,119,115
29,46,25,120,116
30,46,24,120,117
31,46,23,120,118
32,46,22,119,119
33,46,21,118,119
34,46,23,118,120
35,46,21,116,118
36,46,21,115,117
37,46,23,116,117
38,46,22,116,117
39,46,22,116,117
40,46,21,116,118
41,46,21,116,118
42,46,22,117,119
43,46,21,118,119
44,46,21,118,119
45,46,22,120,122
46,46,24,123,125
47,46,27,127,129
48,46,28,127,130
49,46,28,127,130
0,47,49,127,119
1,47,52,134,124
2,47,53,139,128
3,47,56,145,133
4,47,55,147,134
5,47,57,150,138
6,47,53,149,136
7,47,43,142,128
8,47,35,140,124
9,47,40,148,131
10,47,38,146,129
11,47,41,146,130
12,47,43,142,129
13,47,39,132,121
14,47,35,123,115
15,47,32,117,111
16,47,32,114,109
17,47,33,115,111
18,47,32,115,111
19,47,32,114,110
20,47,33,113,111
21,47,34,114,113
22,47,31,114,112
23,47,29,114,111
24,47,27,113,110
25,47,25,112,109
26,47,25,114,111
27,47,25,116,112
28,47,24,117,112
29,47,25,120,114
30,47,24,122,117
31,47,23,122,119
32,47,23,122,121
33,47,23,121,122
34,47,23,120,121
35,47,23,118,120
36,47,22,117,119
37,47,22,116,117
38,47,22,116,117
39,47,21,116,117
40,47,21,116,118
41,47,22,117,119
42,47,21,118,119
43,47,20,117,118
44,47,19,116,117
45,47,20,118,119
46,47,21,120,122
47,47,24,124,125
48,47,25,125,126
49,47,26,125,127
0,48,51,130,120
1,48,53,135,123
2,48,51,136,123
3,48,52,138,125
4,48,50,138,124
5,48,54,143,129
6,48,59,150,135
7,48,60,154,138
8,48,55,152,136
9,48,51,149,133
10,48,46,144,128
11,48,50,145,130
12,48,55,145,132
13,48,52,139,128
14,48,46,130,120
15,48,38,121,111
16,48,37,118,109
17,48,40,118,110
18,48,45,120,113
19,48,49,123,117
20,48,51,123,119
21,48,51,124,120
22,48,50,125,120
23,48,44,120,115
24,48,39,116,110
25,48,37,116,111
26,48,35,119,112
27,48,33,120,113
28,48,31,122,114
29,48,29,123,116
30,48,24,123,117
31,48,22,124,119
32,48,23,124,123
33,48,24,124,124
34,48,28,126,127
35,48,26,123,124
36,48,22,118,118
37,48,22,117,118
38,48,22,118,117
39,48,21,117,117
40,48,20,115,117
41,48,19,116,117
42,48,20,117,118
43,48,19,116,117
44,48,18,116,117
45,48,20,118,119
46,48,20,120,120
47,48,20,120,121
48,48,22,122,123
49,48,23,123,124
0,49,55,131,120
1,49,60,138,125
2,49,60,139,126
3,49,58,137,123
4,49,55,134,120
5,49,57,138,123
6,49,69,150,135
7,49,74,158,143
8,49,76,161,146
9,49,70,157,142
10,49,58,145,130
11,49,58,143,129
12,49,66,148,135
13,49,67,148,135
14,49,66,147,134
15,49,58,138,126
16,49,56,135,123
17,49,60,136,125
18,49,65,135,126
19,49,70,137,129
20,49,70,138,131
21,49,72,140,133
22,49,71,140,133
23,49,65,135,128
24,49,56,127,120
25,49,56,130,122
26,49,54,133,124
27,49,46,129,120
28,49,39,125,116
29,49,32,123,115
30,49,27,125,118
31,49,25,127,121
32,49,25,127,124
33,49,25,126,125
34,49,29,129,128
35,49,28,126,126
36,49,23,120,120
37,49,22,119,118
38,49,21,118,117
39,49,21,118,118
40,49,21,118,119
41,49,21,118,119
42,49,20,118,119
43,49,21,119,120
44,49,21,119,120
45,49,22,122,122
46,49,22,122,122
47,49,19,120,120
48,49,20,121,121
49,49,20,121,121
